scenario,variant,assist_gain_m_per_Nm,tail_rms_x_m,tail_rms_vx_m_s,tail_peak_to_peak_x_m,tail_path_length_m,final_abs_x_error_m,position_overshoot_m,settling_time_s,peak_abs_theta_deg,tail_rms_theta_deg,vane_command_rms_deg,vane_command_max_deg,moving_mass_max_offset_m,moving_mass_tracking_rms_m,ground_contact,rejected,rejection_reasons,settled,tail_window_s,duration_s,physics_dt_s,controller_dt_s,simulation_sample_count
loiter,locked,0.0,0.11754587537857031,0.2810224096015448,0.31754934067893026,0.5000181148665384,0.13076824569354376,0.5930852176102166,6.3,7.834770500231557,4.588382002396515,0.7719435033904041,1.221863290987117,0.0,0.0,False,False,,False,2.0,8.0,0.005,0.01,1600
loiter,assist,0.055,0.09771917156708643,0.16946650811307348,0.23545780313588308,0.2876418313648571,0.09349480227594832,0.5682392077507644,6.3,6.871435903585558,2.5513303620227443,0.4778108838876567,0.9459823312523215,0.003340621792690469,0.0001545309861235967,False,False,,False,2.0,8.0,0.005,0.01,1600
forward_1m,locked,0.0,0.10946582204286458,0.29344591431859657,0.26546041407759646,0.5233965496032675,0.0563793829201914,0.1859778886418364,7.0,6.790757705687143,4.590493413343458,0.7795136832960439,4.06502166575997,0.0,0.0,False,False,,False,2.0,8.0,0.005,0.01,1600
forward_1m,assist,0.055,0.07758379232987349,0.16192721467415644,0.1608277866246408,0.2868387017648926,0.010763285410245071,0.12790975416389783,7.0,4.514323044618198,2.5341804275788964,0.48173401234106844,4.06502166575997,0.00252389698670344,0.0005936453596729702,False,False,,False,2.0,8.0,0.005,0.01,1600
