{
  "aggregate": {
    "tail_path_length_m": {
      "baseline_mean": 0.5947348934511064,
      "baseline_worst": 0.6304304892187684,
      "mean_improvement_percent": 89.25838495948216,
      "selected_mean": 0.0638841327661518,
      "selected_worst": 0.07866783715776379,
      "worst_improvement_percent": 87.52156843568126
    },
    "tail_rms_horizontal_velocity_m_s": {
      "baseline_mean": 0.2629426505989953,
      "baseline_worst": 0.277585351306112,
      "mean_improvement_percent": 88.32098507473194,
      "selected_mean": 0.030709111408352103,
      "selected_worst": 0.039140649563351906,
      "worst_improvement_percent": 85.89959831122758
    },
    "tail_rms_pitch_deg": {
      "baseline_mean": 4.091931517114959,
      "baseline_worst": 4.177802275715607,
      "mean_improvement_percent": 85.82460107318461,
      "selected_mean": 0.5800476163631348,
      "selected_worst": 0.6291736356657613,
      "worst_improvement_percent": 84.94008107269768
    },
    "tail_rms_pitch_rate_deg_s": {
      "baseline_mean": 12.052651431797766,
      "baseline_worst": 12.505620550852989,
      "mean_improvement_percent": 79.19908263562795,
      "selected_mean": 2.5070620645440584,
      "selected_worst": 2.602448494974429,
      "worst_improvement_percent": 79.18976923702583
    },
    "tail_rms_position_error_m": {
      "baseline_mean": 0.09585322592740322,
      "baseline_worst": 0.10543801814153844,
      "mean_improvement_percent": 76.98313018990669,
      "selected_mean": 0.022062412220485012,
      "selected_worst": 0.03849887341331642,
      "worst_improvement_percent": 63.486725099824895
    },
    "vane_command_rms_deg": {
      "baseline_mean": 0.7416337308073949,
      "baseline_worst": 0.7580298864472256,
      "mean_improvement_percent": 3.9431580132141493,
      "selected_mean": 0.7123899409223641,
      "selected_worst": 0.8940614112782965,
      "worst_improvement_percent": -17.945403903351448
    },
    "vane_command_total_variation_deg": {
      "baseline_mean": 22.77884883078058,
      "baseline_worst": 29.519842070823646,
      "mean_improvement_percent": -47.22860514390191,
      "selected_mean": 33.536981401396254,
      "selected_worst": 44.68066973404661,
      "worst_improvement_percent": -51.35809204822062
    }
  },
  "per_scenario": {
    "backward_1m": {
      "tail_path_length_m": {
        "baseline": 0.6304304892187684,
        "change_percent": -90.65973124984004,
        "selected": 0.058883901975981125
      },
      "tail_rms_horizontal_velocity_m_s": {
        "baseline": 0.277585351306112,
        "change_percent": -89.42866678357777,
        "selected": 0.02934447244654535
      },
      "tail_rms_pitch_deg": {
        "baseline": 3.9657987376680026,
        "change_percent": -84.95029955380568,
        "selected": 0.5968408303179902
      },
      "tail_rms_pitch_rate_deg_s": {
        "baseline": 12.505620550852989,
        "change_percent": -80.99824024454719,
        "selected": 2.376287973001618
      },
      "tail_rms_position_error_m": {
        "baseline": 0.08943121362829813,
        "change_percent": -78.34519272765864,
        "selected": 0.019366156952523854
      },
      "vane_command_rms_deg": {
        "baseline": 0.7454800277999141,
        "change_percent": -1.2327776470232252,
        "selected": 0.7362899166541742
      },
      "vane_command_total_variation_deg": {
        "baseline": 29.519842070823646,
        "change_percent": 51.35809204822062,
        "selected": 44.68066973404661
      }
    },
    "forward_1m": {
      "tail_path_length_m": {
        "baseline": 0.6304304892187684,
        "change_percent": -90.65973124984004,
        "selected": 0.058883901975981125
      },
      "tail_rms_horizontal_velocity_m_s": {
        "baseline": 0.277585351306112,
        "change_percent": -89.42866678357777,
        "selected": 0.02934447244654535
      },
      "tail_rms_pitch_deg": {
        "baseline": 3.9657987376680026,
        "change_percent": -84.95029955380568,
        "selected": 0.5968408303179902
      },
      "tail_rms_pitch_rate_deg_s": {
        "baseline": 12.505620550852989,
        "change_percent": -80.99824024454719,
        "selected": 2.376287973001618
      },
      "tail_rms_position_error_m": {
        "baseline": 0.08943121362829813,
        "change_percent": -78.34519272765864,
        "selected": 0.019366156952523854
      },
      "vane_command_rms_deg": {
        "baseline": 0.7454800277999141,
        "change_percent": -1.2327776470232252,
        "selected": 0.7362899166541742
      },
      "vane_command_total_variation_deg": {
        "baseline": 29.519842070823646,
        "change_percent": 51.35809204822062,
        "selected": 44.68066973404661
      }
    },
    "loiter_negative_disturbance": {
      "tail_path_length_m": {
        "baseline": 0.5960159575145443,
        "change_percent": -89.29715941637382,
        "selected": 0.06379063778575486
      },
      "tail_rms_horizontal_velocity_m_s": {
        "baseline": 0.26389760535073986,
        "change_percent": -88.14416511054709,
        "selected": 0.03128726436760379
      },
      "tail_rms_pitch_deg": {
        "baseline": 4.177802275715607,
        "change_percent": -86.63113275290864,
        "selected": 0.5585248400863814
      },
      "tail_rms_pitch_rate_deg_s": {
        "baseline": 11.845949210604896,
        "change_percent": -78.3394676000371,
        "selected": 2.565895666846223
      },
      "tail_rms_position_error_m": {
        "baseline": 0.10543801814153844,
        "change_percent": -63.486725099824895,
        "selected": 0.03849887341331642
      },
      "vane_command_rms_deg": {
        "baseline": 0.7268524699978226,
        "change_percent": -15.771088051601692,
        "selected": 0.6122199269492242
      },
      "vane_command_total_variation_deg": {
        "baseline": 21.80698760130769,
        "change_percent": 36.671267155528554,
        "selected": 29.80388628315622
      }
    },
    "loiter_positive_disturbance": {
      "tail_path_length_m": {
        "baseline": 0.5960159575145443,
        "change_percent": -89.29715941637382,
        "selected": 0.06379063778575486
      },
      "tail_rms_horizontal_velocity_m_s": {
        "baseline": 0.26389760535073986,
        "change_percent": -88.14416511054709,
        "selected": 0.03128726436760379
      },
      "tail_rms_pitch_deg": {
        "baseline": 4.177802275715607,
        "change_percent": -86.63113275290864,
        "selected": 0.5585248400863814
      },
      "tail_rms_pitch_rate_deg_s": {
        "baseline": 11.845949210604896,
        "change_percent": -78.3394676000371,
        "selected": 2.565895666846223
      },
      "tail_rms_position_error_m": {
        "baseline": 0.10543801814153844,
        "change_percent": -63.486725099824895,
        "selected": 0.03849887341331642
      },
      "vane_command_rms_deg": {
        "baseline": 0.7268524699978226,
        "change_percent": -15.771088051601692,
        "selected": 0.6122199269492242
      },
      "vane_command_total_variation_deg": {
        "baseline": 21.80698760130769,
        "change_percent": 36.671267155528554,
        "selected": 29.80388628315622
      }
    },
    "pitch_negative_recovery": {
      "tail_path_length_m": {
        "baseline": 0.5690255753850706,
        "change_percent": -89.17693527233165,
        "selected": 0.061586006340913435
      },
      "tail_rms_horizontal_velocity_m_s": {
        "baseline": 0.2522893426175979,
        "change_percent": -89.18708652122652,
        "selected": 0.027279828333407266
      },
      "tail_rms_pitch_deg": {
        "baseline": 4.148663961088268,
        "change_percent": -86.4965161245124,
        "selected": 0.5602141690337197
      },
      "tail_rms_pitch_rate_deg_s": {
        "baseline": 11.776371172253855,
        "change_percent": -77.90109994914205,
        "selected": 2.602448494974429
      },