{
  "aggregate": {
    "tail_path_length_m": {
      "baseline_mean": 0.5947348934511064,
      "baseline_worst": 0.6304304892187684,
      "mean_improvement_percent": 89.3835730577646,
      "selected_mean": 0.06313959546321832,
      "selected_worst": 0.0891607489690521,
      "worst_improvement_percent": 85.85716419275019
    },
    "tail_rms_horizontal_velocity_m_s": {
      "baseline_mean": 0.2629426505989953,
      "baseline_worst": 0.277585351306112,
      "mean_improvement_percent": 88.49974000680841,
      "selected_mean": 0.03023908845187382,
      "selected_worst": 0.045501433982966334,
      "worst_improvement_percent": 83.60812853817028
    },
    "tail_rms_pitch_deg": {
      "baseline_mean": 4.091931517114959,
      "baseline_worst": 4.177802275715607,
      "mean_improvement_percent": 87.1565197121838,
      "selected_mean": 0.5255464177915979,
      "selected_worst": 0.6033269525313913,
      "worst_improvement_percent": 85.55874805185583
    },
    "tail_rms_pitch_rate_deg_s": {
      "baseline_mean": 12.052651431797766,
      "baseline_worst": 12.505620550852989,
      "mean_improvement_percent": 80.3178279481642,
      "selected_mean": 2.37222359161449,
      "selected_worst": 2.3991082334839327,
      "worst_improvement_percent": 80.815760211753
    },
    "tail_rms_position_error_m": {
      "baseline_mean": 0.09585322592740322,
      "baseline_worst": 0.10543801814153844,
      "mean_improvement_percent": 77.22223635498122,
      "selected_mean": 0.021833221247869766,
      "selected_worst": 0.041984334107184905,
      "worst_improvement_percent": 60.181028771969366
    },
    "vane_command_rms_deg": {
      "baseline_mean": 0.7416337308073949,
      "baseline_worst": 0.7580298864472256,
      "mean_improvement_percent": 1.2431947915141575,
      "selected_mean": 0.7324137788938853,
      "selected_worst": 0.9380810254589921,
      "worst_improvement_percent": -23.75251190367172
    },
    "vane_command_total_variation_deg": {
      "baseline_mean": 22.77884883078058,
      "baseline_worst": 29.519842070823646,
      "mean_improvement_percent": -51.53100897733522,
      "selected_mean": 34.517019466703736,
      "selected_worst": 46.99119037105219,
      "worst_improvement_percent": -59.18510084949472
    }
  },
  "per_scenario": {
    "backward_1m": {
      "tail_path_length_m": {
        "baseline": 0.6304304892187684,
        "change_percent": -90.75165043248649,
        "selected": 0.0583044154231374
      },
      "tail_rms_horizontal_velocity_m_s": {
        "baseline": 0.277585351306112,
        "change_percent": -89.79949785768936,
        "selected": 0.028315099706720477
      },
      "tail_rms_pitch_deg": {
        "baseline": 3.9657987376680026,
        "change_percent": -87.13458982937634,
        "selected": 0.510216274142404
      },
      "tail_rms_pitch_rate_deg_s": {
        "baseline": 12.505620550852989,
        "change_percent": -80.84091119114693,
        "selected": 2.395962947436106
      },
      "tail_rms_position_error_m": {
        "baseline": 0.08943121362829813,
        "change_percent": -81.56484984859259,
        "selected": 0.016486778514602694
      },
      "vane_command_rms_deg": {
        "baseline": 0.7454800277999141,
        "change_percent": 2.2480621051968916,
        "selected": 0.7622388818066952
      },
      "vane_command_total_variation_deg": {
        "baseline": 29.519842070823646,
        "change_percent": 59.18510084949472,
        "selected": 46.99119037105219
      }
    },
    "forward_1m": {
      "tail_path_length_m": {
        "baseline": 0.6304304892187684,
        "change_percent": -90.75165043248649,
        "selected": 0.0583044154231374
      },
      "tail_rms_horizontal_velocity_m_s": {
        "baseline": 0.277585351306112,
        "change_percent": -89.79949785768936,
        "selected": 0.028315099706720477
      },
      "tail_rms_pitch_deg": {
        "baseline": 3.9657987376680026,
        "change_percent": -87.13458982937634,
        "selected": 0.510216274142404
      },
      "tail_rms_pitch_rate_deg_s": {
        "baseline": 12.505620550852989,
        "change_percent": -80.84091119114693,
        "selected": 2.395962947436106
      },
      "tail_rms_position_error_m": {
        "baseline": 0.08943121362829813,
        "change_percent": -81.56484984859259,
        "selected": 0.016486778514602694
      },
      "vane_command_rms_deg": {
        "baseline": 0.7454800277999141,
        "change_percent": 2.2480621051968916,
        "selected": 0.7622388818066952
      },
      "vane_command_total_variation_deg": {
        "baseline": 29.519842070823646,
        "change_percent": 59.18510084949472,
        "selected": 46.99119037105219
      }
    },
    "loiter_negative_disturbance": {
      "tail_path_length_m": {
        "baseline": 0.5960159575145443,
        "change_percent": -89.75192246313692,
        "selected": 0.0610801774581674
      },
      "tail_rms_horizontal_velocity_m_s": {
        "baseline": 0.26389760535073986,
        "change_percent": -88.80448629391955,
        "selected": 0.02954469257706016
      },
      "tail_rms_pitch_deg": {
        "baseline": 4.177802275715607,
        "change_percent": -87.74833328025804,
        "selected": 0.5118504110304715
      },
      "tail_rms_pitch_rate_deg_s": {
        "baseline": 11.845949210604896,
        "change_percent": -79.75825541177443,
        "selected": 2.3978267832615665
      },
      "tail_rms_position_error_m": {
        "baseline": 0.10543801814153844,
        "change_percent": -60.181028771969366,
        "selected": 0.041984334107184905
      },
      "vane_command_rms_deg": {
        "baseline": 0.7268524699978226,
        "change_percent": -15.15967598695416,
        "selected": 0.6166639906429795
      },
      "vane_command_total_variation_deg": {
        "baseline": 21.80698760130769,
        "change_percent": 38.95870959357885,
        "selected": 30.3027085720089
      }
    },
    "loiter_positive_disturbance": {
      "tail_path_length_m": {
        "baseline": 0.5960159575145443,
        "change_percent": -89.75192246313692,
        "selected": 0.0610801774581674
      },
      "tail_rms_horizontal_velocity_m_s": {
        "baseline": 0.26389760535073986,
        "change_percent": -88.80448629391955,
        "selected": 0.02954469257706016
      },
      "tail_rms_pitch_deg": {
        "baseline": 4.177802275715607,
        "change_percent": -87.74833328025804,
        "selected": 0.5118504110304715
      },
      "tail_rms_pitch_rate_deg_s": {
        "baseline": 11.845949210604896,
        "change_percent": -79.75825541177443,
        "selected": 2.3978267832615665
      },
      "tail_rms_position_error_m": {
        "baseline": 0.10543801814153844,
        "change_percent": -60.181028771969366,
        "selected": 0.041984334107184905
      },
      "vane_command_rms_deg": {
        "baseline": 0.7268524699978226,
        "change_percent": -15.15967598695416,
        "selected": 0.6166639906429795
      },
      "vane_command_total_variation_deg": {
        "baseline": 21.80698760130769,
        "change_percent": 38.95870959357885,
        "selected": 30.3027085720089
      }
    },
    "pitch_negative_recovery": {
      "tail_path_length_m": {
        "baseline": 0.5690255753850706,
        "change_percent": -89.97872517121144,
        "selected": 0.05702361675543329
      },
      "tail_rms_horizontal_velocity_m_s": {
        "baseline": 0.2522893426175979,
        "change_percent": -90.00104402169266,
        "selected": 0.025226300306294577
      },
      "tail_rms_pitch_deg": {
        "baseline": 4.148663961088268,
        "change_percent": -87.56991875773065,
        "selected": 0.5156823008320215
      },
      "tail_rms_pitch_rate_deg_s": {
        "baseline": 11.776371172253855,
        "change_percent": -79.62778008274367,
        "selected": 2.3991082334839327
      },
      "tail_rms_position_error_m": {
        "baseline": 0.09207737088078963,