{
  "aggregate": {
    "tail_path_length_m": {
      "baseline_mean": 0.5947348934511064,
      "baseline_worst": 0.6304304892187684,
      "mean_improvement_percent": 87.25340901038476,
      "selected_mean": 0.0758084243407365,
      "selected_worst": 0.09951654904740692,
      "worst_improvement_percent": 84.21450885557135
    },
    "tail_rms_horizontal_velocity_m_s": {
      "baseline_mean": 0.2629426505989953,
      "baseline_worst": 0.277585351306112,
      "mean_improvement_percent": 86.4618139564534,
      "selected_mean": 0.03559766522592468,
      "selected_worst": 0.05003458890828992,
      "worst_improvement_percent": 81.97506148185988
    },
    "tail_rms_pitch_deg": {
      "baseline_mean": 4.091931517114959,
      "baseline_worst": 4.177802275715607,
      "mean_improvement_percent": 84.20427688528717,
      "selected_mean": 0.6463501724871469,
      "selected_worst": 0.6630221416648191,
      "worst_improvement_percent": 84.1298822225556
    },
    "tail_rms_pitch_rate_deg_s": {
      "baseline_mean": 12.052651431797766,
      "baseline_worst": 12.505620550852989,
      "mean_improvement_percent": 78.38221391405155,
      "selected_mean": 2.6055164042110452,
      "selected_worst": 2.648382292076473,
      "worst_improvement_percent": 78.82246401682296
    },
    "tail_rms_position_error_m": {
      "baseline_mean": 0.09585322592740322,
      "baseline_worst": 0.10543801814153844,
      "mean_improvement_percent": 78.37896663573052,
      "selected_mean": 0.02072445795849246,
      "selected_worst": 0.042376299815920525,
      "worst_improvement_percent": 59.80927888929474
    },
    "vane_command_rms_deg": {
      "baseline_mean": 0.7416337308073949,
      "baseline_worst": 0.7580298864472256,
      "mean_improvement_percent": 6.396488247939739,
      "selected_mean": 0.6941952163735429,
      "selected_worst": 0.8599143016201609,
      "worst_improvement_percent": -13.440685782252277
    },
    "vane_command_total_variation_deg": {
      "baseline_mean": 22.77884883078058,
      "baseline_worst": 29.519842070823646,
      "mean_improvement_percent": -40.93060808663467,
      "selected_mean": 32.10237017235434,
      "selected_worst": 42.76321931592778,
      "worst_improvement_percent": -44.86262905245489
    }
  },
  "per_scenario": {
    "backward_1m": {
      "tail_path_length_m": {
        "baseline": 0.6304304892187684,
        "change_percent": -88.56708082428449,
        "selected": 0.07207660829144967
      },
      "tail_rms_horizontal_velocity_m_s": {
        "baseline": 0.277585351306112,
        "change_percent": -87.90216092850515,
        "selected": 0.03358182908705704
      },
      "tail_rms_pitch_deg": {
        "baseline": 3.9657987376680026,
        "change_percent": -83.73945266587164,
        "selected": 0.6448605809147705
      },
      "tail_rms_pitch_rate_deg_s": {
        "baseline": 12.505620550852989,
        "change_percent": -78.91067503016009,
        "selected": 2.6373509574644696
      },
      "tail_rms_position_error_m": {
        "baseline": 0.08943121362829813,
        "change_percent": -87.54976193070328,
        "selected": 0.011134399004984447
      },
      "vane_command_rms_deg": {
        "baseline": 0.7454800277999141,
        "change_percent": -3.967024758743561,
        "selected": 0.7159066505256031
      },
      "vane_command_total_variation_deg": {
        "baseline": 29.519842070823646,
        "change_percent": 44.86262905245489,
        "selected": 42.76321931592778
      }
    },
    "forward_1m": {
      "tail_path_length_m": {
        "baseline": 0.6304304892187684,
        "change_percent": -88.56708082428449,
        "selected": 0.07207660829144967
      },
      "tail_rms_horizontal_velocity_m_s": {
        "baseline": 0.277585351306112,
        "change_percent": -87.90216092850515,
        "selected": 0.03358182908705704
      },
      "tail_rms_pitch_deg": {
        "baseline": 3.9657987376680026,
        "change_percent": -83.73945266587164,
        "selected": 0.6448605809147705
      },
      "tail_rms_pitch_rate_deg_s": {
        "baseline": 12.505620550852989,
        "change_percent": -78.91067503016009,
        "selected": 2.6373509574644696
      },
      "tail_rms_position_error_m": {
        "baseline": 0.08943121362829813,
        "change_percent": -87.54976193070328,
        "selected": 0.011134399004984447
      },
      "vane_command_rms_deg": {
        "baseline": 0.7454800277999141,
        "change_percent": -3.967024758743561,
        "selected": 0.7159066505256031
      },
      "vane_command_total_variation_deg": {
        "baseline": 29.519842070823646,
        "change_percent": 44.86262905245489,
        "selected": 42.76321931592778
      }
    },
    "loiter_negative_disturbance": {
      "tail_path_length_m": {
        "baseline": 0.5960159575145443,
        "change_percent": -86.82900600371501,
        "selected": 0.07850122598114113
      },
      "tail_rms_horizontal_velocity_m_s": {
        "baseline": 0.26389760535073986,
        "change_percent": -86.00146592197403,
        "selected": 0.03694179621611781
      },
      "tail_rms_pitch_deg": {
        "baseline": 4.177802275715607,
        "change_percent": -84.20344820571894,
        "selected": 0.6599487003460683
      },
      "tail_rms_pitch_rate_deg_s": {
        "baseline": 11.845949210604896,
        "change_percent": -78.54934967411026,
        "selected": 2.5410331429493525
      },
      "tail_rms_position_error_m": {
        "baseline": 0.10543801814153844,
        "change_percent": -59.80927888929474,
        "selected": 0.042376299815920525
      },
      "vane_command_rms_deg": {
        "baseline": 0.7268524699978226,
        "change_percent": -17.08755173004641,
        "selected": 0.6026511781858246
      },
      "vane_command_total_variation_deg": {
        "baseline": 21.80698760130769,
        "change_percent": 29.818641880939342,
        "selected": 28.309535139162474
      }
    },
    "loiter_positive_disturbance": {
      "tail_path_length_m": {
        "baseline": 0.5960159575145443,
        "change_percent": -86.82900600371501,
        "selected": 0.07850122598114113
      },
      "tail_rms_horizontal_velocity_m_s": {
        "baseline": 0.26389760535073986,
        "change_percent": -86.00146592197403,
        "selected": 0.03694179621611781
      },
      "tail_rms_pitch_deg": {
        "baseline": 4.177802275715607,
        "change_percent": -84.20344820571894,
        "selected": 0.6599487003460683
      },
      "tail_rms_pitch_rate_deg_s": {
        "baseline": 11.845949210604896,
        "change_percent": -78.54934967411026,
        "selected": 2.5410331429493525
      },
      "tail_rms_position_error_m": {
        "baseline": 0.10543801814153844,
        "change_percent": -59.80927888929474,
        "selected": 0.042376299815920525
      },
      "vane_command_rms_deg": {
        "baseline": 0.7268524699978226,
        "change_percent": -17.08755173004641,
        "selected": 0.6026511781858246
      },
      "vane_command_total_variation_deg": {
        "baseline": 21.80698760130769,
        "change_percent": 29.818641880939342,
        "selected": 28.309535139162474
      }
    },
    "pitch_negative_recovery": {
      "tail_path_length_m": {
        "baseline": 0.5690255753850706,
        "change_percent": -88.57812737989832,
        "selected": 0.06499337639628346
      },
      "tail_rms_horizontal_velocity_m_s": {
        "baseline": 0.2522893426175979,
        "change_percent": -88.48508294801424,
        "selected": 0.02905090853341657
      },
      "tail_rms_pitch_deg": {
        "baseline": 4.148663961088268,
        "change_percent": -84.91308870801916,
        "selected": 0.6259052516117658
      },
      "tail_rms_pitch_rate_deg_s": {
        "baseline": 11.776371172253855,
        "change_percent": -77.77980899199369,
        "selected": 2.6167321682865987
      },