scenario,variant,assist_gain_m_per_Nm,tail_rms_x_m,tail_rms_vx_m_s,tail_peak_to_peak_x_m,tail_path_length_m,final_abs_x_error_m,position_overshoot_m,settling_time_s,peak_abs_theta_deg,tail_rms_theta_deg,vane_command_rms_deg,vane_command_max_deg,moving_mass_max_offset_m,moving_mass_tracking_rms_m,ground_contact,rejected,rejection_reasons,settled,tail_window_s,duration_s,physics_dt_s,controller_dt_s,simulation_sample_count
loiter,locked,0.0,0.12060467105913321,0.14526637384087646,0.27546503045430354,0.27546510565739574,0.021975596544165622,0.6677988927412728,6.3,4.682012759821569,0.6039760576278453,0.6661291705216333,2.8622852412534807,0.0,0.0,False,False,,False,2.0,8.0,0.005,0.01,1600
loiter,assist,0.0415,0.14375257932274416,0.11727540330541761,0.2245328851113505,0.22453288520206666,0.034869250149934417,0.6478303111776316,6.3,4.6967554154771065,0.32208473046749464,0.5604052312121126,3.4751416447333274,0.008488918011198505,0.0017403848992517269,False,False,,False,2.0,8.0,0.005,0.01,1600
forward_1m,locked,0.0,0.09656226463531103,0.03483277379209201,0.03706685020596456,0.05484401498022717,0.09180328863289966,0.10918081851615202,7.0,3.0615748936704263,0.672486745055887,0.8647201421360987,11.12624464550681,0.0,0.0,False,False,,False,2.0,8.0,0.005,0.01,1600
forward_1m,assist,0.0415,0.13373821134350578,0.033292486286380096,0.04106837033938038,0.0520350154107104,0.13163949330365,0.1426061376700163,7.0,2.836870854960508,0.3064485824396893,0.7569440931514259,11.12188005628486,0.006095249493245699,0.001950871312055229,False,False,,False,2.0,8.0,0.005,0.01,1600
