{
  "candidate_count": 25,
  "controller_changed": true,
  "current_reference": {
    "angle_p": 25.0,
    "candidate_key": "boundary_extension_audit:rate_p=0.09000000:rate_d=0.01950000:angle_p=25.00000000",
    "final_score": 0.39690256845961375,
    "inner_loop_aggregate": 0.4032992360900295,
    "integrated_loiter_aggregate": 0.3916689313074554,
    "mean_vane_command_rms_deg": 0.7123899409223641,
    "mean_vane_total_variation_deg": 33.536981401396254,
    "rank": 10,
    "rate_d": 0.0195,
    "rate_p": 0.09,
    "rejected": false,
    "rejection_reasons": "",
    "scenario_count": 7,
    "scenario_scores_json": "{\"backward_1m\":0.2597374882723019,\"forward_1m\":0.2597374882723019,\"loiter_negative_disturbance\":0.2642290442029571,\"loiter_positive_disturbance\":0.2642290442029571,\"pitch_negative_recovery\":0.268866157393353,\"pitch_positive_recovery\":0.268866157393353,\"stick_release\":0.24983898107936606}",
    "score_components_json": "{\"backward_1m\":{\"tail_path_length_m\":0.09340268750159951,\"tail_rms_horizontal_velocity_m_s\":0.10571333216422227,\"tail_rms_pitch_deg\":0.15049700446194322,\"tail_rms_pitch_rate_deg_s\":0.19001759755452802,\"tail_rms_position_error_m\":0.21654807272341375,\"vane_command_rms_deg\":0.9876722235297678,\"vane_command_total_variation_deg\":1.5135809204822062},\"forward_1m\":{\"tail_path_length_m\":0.09340268750159951,\"tail_rms_horizontal_velocity_m_s\":0.10571333216422227,\"tail_rms_pitch_deg\":0.15049700446194322,\"tail_rms_pitch_rate_deg_s\":0.19001759755452802,\"tail_rms_position_error_m\":0.21654807272341375,\"vane_command_rms_deg\":0.9876722235297678,\"vane_command_total_variation_deg\":1.5135809204822062},\"loiter_negative_disturbance\":{\"tail_path_length_m\":0.10702840583626187,\"tail_rms_horizontal_velocity_m_s\":0.1185583488945292,\"tail_rms_pitch_deg\":0.13368867247091365,\"tail_rms_pitch_rate_deg_s\":0.216605323999629,\"tail_rms_position_error_m\":0.36513274900175097,\"vane_command_rms_deg\":0.8422891194839831,\"vane_command_total_variation_deg\":1.3667126715552855},\"loiter_positive_disturbance\":{\"tail_path_length_m\":0.10702840583626187,\"tail_rms_horizontal_velocity_m_s\":0.1185583488945292,\"tail_rms_pitch_deg\":0.13368867247091365,\"tail_rms_pitch_rate_deg_s\":0.216605323999629,\"tail_rms_position_error_m\":0.36513274900175097,\"vane_command_rms_deg\":0.8422891194839831,\"vane_command_total_variation_deg\":1.3667126715552855},\"pitch_negative_recovery\":{\"tail_path_length_m\":0.10823064727668347,\"tail_rms_horizontal_velocity_m_s\":0.10812913478773488,\"tail_rms_pitch_deg\":0.13503483875487607,\"tail_rms_pitch_rate_deg_s\":0.22098900050857956,\"tail_rms_position_error_m\":0.0780247813356937,\"vane_command_rms_deg\":1.1794540390335144,\"vane_command_total_variation_deg\":1.6985751654053283},\"pitch_positive_recovery\":{\"tail_path_length_m\":0.10823064727668347,\"tail_rms_horizontal_velocity_m_s\":0.10812913478773488,\"tail_rms_pitch_deg\":0.13503483875487607,\"tail_rms_pitch_rate_deg_s\":0.22098900050857956,\"tail_rms_position_error_m\":0.0780247813356937,\"vane_command_rms_deg\":1.1794540390335144,\"vane_command_total_variation_deg\":1.6985751654053283},\"stick_release\":{\"tail_path_length_m\":0.13748306238585267,\"tail_rms_horizontal_velocity_m_s\":0.15467313863453325,\"tail_rms_pitch_deg\":0.15500741112378735,\"tail_rms_pitch_rate_deg_s\":0.2031070379852913,\"tail_rms_position_error_m\":0.2507040352840696,\"vane_command_rms_deg\":0.686436687539307,\"vane_command_total_variation_deg\":1.1899936417348282}}",
    "stage": "boundary_extension_audit",
    "symmetry_json": "{\"forward_1m__backward_1m__peak_abs_pitch_deg\":0.0,\"forward_1m__backward_1m__position_overshoot_m\":0.0,\"forward_1m__backward_1m__tail_path_length_m\":0.0,\"forward_1m__backward_1m__tail_rms_horizontal_velocity_m_s\":0.0,\"forward_1m__backward_1m__tail_rms_pitch_deg\":0.0,\"forward_1m__backward_1m__tail_rms_pitch_rate_deg_s\":0.0,\"forward_1m__backward_1m__vane_command_rms_deg\":0.0,\"loiter_positive_disturbance__loiter_negative_disturbance__peak_abs_pitch_deg\":0.0,\"loiter_positive_disturbance__loiter_negative_disturbance__position_overshoot_m\":0.0,\"loiter_positive_disturbance__loiter_negative_disturbance__tail_path_length_m\":0.0,\"loiter_positive_disturbance__loiter_negative_disturbance__tail_rms_horizontal_velocity_m_s\":0.0,\"loiter_positive_disturbance__loiter_negative_disturbance__tail_rms_pitch_deg\":0.0,\"loiter_positive_disturbance__loiter_negative_disturbance__tail_rms_pitch_rate_deg_s\":0.0,\"loiter_positive_disturbance__loiter_negative_disturbance__vane_command_rms_deg\":0.0,\"pitch_positive_recovery__pitch_negative_recovery__peak_abs_pitch_deg\":0.0,\"pitch_positive_recovery__pitch_negative_recovery__position_overshoot_m\":0.0,\"pitch_positive_recovery__pitch_negative_recovery__tail_path_length_m\":0.0,\"pitch_positive_recovery__pitch_negative_recovery__tail_rms_horizontal_velocity_m_s\":0.0,\"pitch_positive_recovery__pitch_negative_recovery__tail_rms_pitch_deg\":0.0,\"pitch_positive_recovery__pitch_negative_recovery__tail_rms_pitch_rate_deg_s\":0.0,\"pitch_positive_recovery__pitch_negative_recovery__vane_command_rms_deg\":0.0}",
    "worst_asymmetry_fraction": 0.0,
    "worst_scenario_score": 0.268866157393353
  },
  "decision": "select_extended_raw_score_rank1",
  "decision_text": "A valid extended candidate improved the raw aggregate score and the extension continued until the best point was no longer on an upper boundary.",
  "deterministic_digest": "9647cd26cf9f98fbe6a8c15a0f3f695b01697b45c5e0f7efd50a54f781b60601",
  "deterministic_digests": [
    "9647cd26cf9f98fbe6a8c15a0f3f695b01697b45c5e0f7efd50a54f781b60601",
    "9647cd26cf9f98fbe6a8c15a0f3f695b01697b45c5e0f7efd50a54f781b60601"
  ],
  "deterministic_validation_raw_score": 0.39150972444101023,
  "extension_round_count": 1,
  "fingerprint": "3178d8061d984fc983d9b43597abca8bc94ae44e47189550355666842b6a1cf3",
  "fixed_angle_p": 25.0,
  "fixed_rate_i": 0.0,
  "moving_mass_actual_displacement_m": 0.0,
  "moving_mass_assist_gain_m_per_Nm": 0.0,
  "moving_mass_target_displacement_m": 0.0,
  "near_equivalent_tiebreak_used": false,
  "rejected_candidate_count": 0,
  "rejection_counts": {},
  "runtime_s": 6.108837799998582,
  "scenario_run_count": 175,
  "schema_version": 1,
  "score_change_vs_current": -0.005392844018603515,
  "selected": {
    "angle_p": 25.0,
    "candidate_key": "boundary_extension_audit:rate_p=0.09375000:rate_d=0.02100000:angle_p=25.00000000",
    "final_score": 0.39150972444101023,
    "inner_loop_aggregate": 0.39798309284760136,
    "integrated_loiter_aggregate": 0.38621333210834474,
    "mean_vane_command_rms_deg": 0.7324137788938853,
    "mean_vane_total_variation_deg": 34.517019466703736,
    "rank": 1,
    "rate_d": 0.021,
    "rate_p": 0.09375,
    "rejected": false,
    "rejection_reasons": "",
    "scenario_count": 7,
    "scenario_scores_json": "{\"backward_1m\":0.25523941732306665,\"forward_1m\":0.25523941732306665,\"loiter_negative_disturbance\":0.2611223642314353,\"loiter_positive_disturbance\":0.2611223642314353,\"pitch_negative_recovery\":0.2653220618984009,\"pitch_positive_recovery\":0.2653220618984009,\"stick_release\":0.2455371868541315}",